category,rules,domain,full,regex,plain,with_attributes
FACEIT,2,2,0,0,0,0
ESCAPEFROMTARKOV,3,3,0,0,0,0
ROBLOX,5,5,0,0,0,0
TWITCH-ADS,4,4,0,0,0,0
IP-CHECK,6,6,0,0,0,0
RIOT,8,8,0,0,0,0
ORIGIN,9,9,0,0,0,0
VPNDETECT,9,9,0,0,0,0
GOOGLE-PLAY,8,8,0,0,0,0
TORRENT,13,13,0,0,0,0
HOSTING,14,14,0,0,0,0
WHATSAPP,13,13,0,0,0,0
APPLE-CORE,18,18,0,0,0,0
TELEGRAM,21,21,0,0,0,0
AI-CORE,25,25,0,0,0,0
GOOGLE-DEEPMIND,25,25,0,0,0,0
EPICGAMES,30,30,0,0,0,0
DISCORD,28,28,0,0,0,0
BANNED-RU,46,46,0,0,0,0
MICROSOFT-CORE,49,49,0,0,0,0
PINTEREST,52,52,0,0,0,0
TWITCH,34,34,0,0,0,0
RU-CORE,81,81,0,0,0,0
STEAM,60,60,0,0,0,0
CRYPTO,96,96,0,0,0,0
GITHUB,64,64,0,0,0,0
PRIVATE,122,122,0,0,0,0
YOUTUBE,177,177,0,0,0,0
AI,193,193,0,0,0,0
WIN-SPY,327,327,0,0,0,0
MICROSOFT,736,736,0,0,0,0
CATEGORY-ADS,910,910,0,0,0,0
WHITELIST,1092,1092,0,0,0,0
CATEGORY-RU,1092,1092,0,0,0,0
APPLE,1788,1788,0,0,0,0
CATEGORY-GEOBLOCK-RU,21987,21987,0,0,0,0
